first;last;username;password;email
Student1;S;student1;123;mail@email.com
Student2;S;student2;123;mail@email.com
Student3;S;student3;123;mail@email.com
Student4;S;student4;123;mail@email.com
Student5;S;student5;123;mail@email.com
Student6;S;student6;123;mail@email.com
Student7;S;student7;123;mail@email.com
Student8;S;student8;123;mail@email.com
Student9;S;student9;123;mail@email.com
Student10;S;student10;123;mail@email.com
Student11;S;student11;123;mail@email.com
Student12;S;student12;123;mail@email.com
Student13;S;student13;123;mail@email.com
Student14;S;student14;123;mail@email.com
Student15;S;student15;123;mail@email.com
Student16;S;student16;123;mail@email.com
Student17;S;student17;123;mail@email.com
Student18;S;student18;123;mail@email.com
Student19;S;student19;123;mail@email.com
Student20;S;student20;123;mail@email.com
Student21;S;student21;123;mail@email.com
Student22;S;student22;123;mail@email.com
Student23;S;student23;123;mail@email.com
Student24;S;student24;123;mail@email.com
Student25;S;student25;123;mail@email.com
Student26;S;student26;123;mail@email.com
Student27;S;student27;123;mail@email.com
Student28;S;student28;123;mail@email.com
Student29;S;student29;123;mail@email.com
Student30;S;student30;123;mail@email.com
Student31;S;student31;123;mail@email.com
Student32;S;student32;123;mail@email.com
Student33;S;student33;123;mail@email.com
Student34;S;student34;123;mail@email.com
Student35;S;student35;123;mail@email.com
Student36;S;student36;123;mail@email.com
Student37;S;student37;123;mail@email.com
Student38;S;student38;123;mail@email.com
Student39;S;student39;123;mail@email.com
Student40;S;student40;123;mail@email.com
Student41;S;student41;123;mail@email.com
Student42;S;student42;123;mail@email.com
Student43;S;student43;123;mail@email.com
Student44;S;student44;123;mail@email.com
Student45;S;student45;123;mail@email.com
Student46;S;student46;123;mail@email.com
Student47;S;student47;123;mail@email.com
Student48;S;student48;123;mail@email.com
Student49;S;student49;123;mail@email.com
Student50;S;student50;123;mail@email.com
Student51;S;student51;123;mail@email.com
Student52;S;student52;123;mail@email.com
Student53;S;student53;123;mail@email.com
Student54;S;student54;123;mail@email.com
Student55;S;student55;123;mail@email.com
Student56;S;student56;123;mail@email.com
Student57;S;student57;123;mail@email.com
Student58;S;student58;123;mail@email.com
Student59;S;student59;123;mail@email.com
Student60;S;student60;123;mail@email.com
Student61;S;student61;123;mail@email.com
Student62;S;student62;123;mail@email.com
Student63;S;student63;123;mail@email.com
Student64;S;student64;123;mail@email.com
Student65;S;student65;123;mail@email.com
Student66;S;student66;123;mail@email.com
Student67;S;student67;123;mail@email.com
Student68;S;student68;123;mail@email.com
Student69;S;student69;123;mail@email.com
Student70;S;student70;123;mail@email.com
Student71;S;student71;123;mail@email.com
Student72;S;student72;123;mail@email.com
Student73;S;student73;123;mail@email.com
Student74;S;student74;123;mail@email.com
Student75;S;student75;123;mail@email.com
Student76;S;student76;123;mail@email.com
Student77;S;student77;123;mail@email.com
Student78;S;student78;123;mail@email.com
Student79;S;student79;123;mail@email.com
Student80;S;student80;123;mail@email.com
Student81;S;student81;123;mail@email.com
Student82;S;student82;123;mail@email.com
Student83;S;student83;123;mail@email.com
Student84;S;student84;123;mail@email.com
Student85;S;student85;123;mail@email.com
Student86;S;student86;123;mail@email.com
Student87;S;student87;123;mail@email.com
Student88;S;student88;123;mail@email.com
Student89;S;student89;123;mail@email.com
Student90;S;student90;123;mail@email.com
Student91;S;student91;123;mail@email.com
Student92;S;student92;123;mail@email.com
Student93;S;student93;123;mail@email.com
Student94;S;student94;123;mail@email.com
Student95;S;student95;123;mail@email.com
Student96;S;student96;123;mail@email.com
Student97;S;student97;123;mail@email.com
Student98;S;student98;123;mail@email.com
Student99;S;student99;123;mail@email.com
Student100;S;student100;123;mail@email.com
Student101;S;student101;123;mail@email.com
Student102;S;student102;123;mail@email.com
Student103;S;student103;123;mail@email.com
Student104;S;student104;123;mail@email.com
Student105;S;student105;123;mail@email.com
Student106;S;student106;123;mail@email.com
Student107;S;student107;123;mail@email.com
Student108;S;student108;123;mail@email.com
Student109;S;student109;123;mail@email.com
Student110;S;student110;123;mail@email.com
Student111;S;student111;123;mail@email.com
Student112;S;student112;123;mail@email.com
Student113;S;student113;123;mail@email.com
Student114;S;student114;123;mail@email.com
Student115;S;student115;123;mail@email.com
Student116;S;student116;123;mail@email.com
Student117;S;student117;123;mail@email.com
Student118;S;student118;123;mail@email.com
Student119;S;student119;123;mail@email.com
Student120;S;student120;123;mail@email.com
Student121;S;student121;123;mail@email.com
Student122;S;student122;123;mail@email.com
Student123;S;student123;123;mail@email.com
Student124;S;student124;123;mail@email.com
Student125;S;student125;123;mail@email.com
Student126;S;student126;123;mail@email.com
Student127;S;student127;123;mail@email.com
Student128;S;student128;123;mail@email.com
Student129;S;student129;123;mail@email.com
Student130;S;student130;123;mail@email.com
Student131;S;student131;123;mail@email.com
Student132;S;student132;123;mail@email.com
Student133;S;student133;123;mail@email.com
Student134;S;student134;123;mail@email.com
Student135;S;student135;123;mail@email.com
Student136;S;student136;123;mail@email.com
Student137;S;student137;123;mail@email.com
Student138;S;student138;123;mail@email.com
Student139;S;student139;123;mail@email.com
Student140;S;student140;123;mail@email.com
Student141;S;student141;123;mail@email.com
Student142;S;student142;123;mail@email.com
Student143;S;student143;123;mail@email.com
Student144;S;student144;123;mail@email.com
Student145;S;student145;123;mail@email.com
Student146;S;student146;123;mail@email.com
Student147;S;student147;123;mail@email.com
Student148;S;student148;123;mail@email.com
Student149;S;student149;123;mail@email.com
Student150;S;student150;123;mail@email.com
Student151;S;student151;123;mail@email.com
Student152;S;student152;123;mail@email.com
Student153;S;student153;123;mail@email.com
Student154;S;student154;123;mail@email.com
Student155;S;student155;123;mail@email.com
Student156;S;student156;123;mail@email.com
Student157;S;student157;123;mail@email.com
Student158;S;student158;123;mail@email.com
Student159;S;student159;123;mail@email.com
Student160;S;student160;123;mail@email.com
Student161;S;student161;123;mail@email.com
Student162;S;student162;123;mail@email.com
Student163;S;student163;123;mail@email.com
Student164;S;student164;123;mail@email.com
Student165;S;student165;123;mail@email.com
Student166;S;student166;123;mail@email.com
Student167;S;student167;123;mail@email.com
Student168;S;student168;123;mail@email.com
Student169;S;student169;123;mail@email.com
Student170;S;student170;123;mail@email.com
Student171;S;student171;123;mail@email.com
Student172;S;student172;123;mail@email.com
Student173;S;student173;123;mail@email.com
Student174;S;student174;123;mail@email.com
Student175;S;student175;123;mail@email.com
Student176;S;student176;123;mail@email.com
Student177;S;student177;123;mail@email.com
Student178;S;student178;123;mail@email.com
Student179;S;student179;123;mail@email.com
Student180;S;student180;123;mail@email.com
Student181;S;student181;123;mail@email.com
Student182;S;student182;123;mail@email.com
Student183;S;student183;123;mail@email.com
Student184;S;student184;123;mail@email.com
Student185;S;student185;123;mail@email.com
Student186;S;student186;123;mail@email.com
Student187;S;student187;123;mail@email.com
Student188;S;student188;123;mail@email.com
Student189;S;student189;123;mail@email.com
Student190;S;student190;123;mail@email.com
Student191;S;student191;123;mail@email.com
Student192;S;student192;123;mail@email.com
Student193;S;student193;123;mail@email.com
Student194;S;student194;123;mail@email.com
Student195;S;student195;123;mail@email.com
Student196;S;student196;123;mail@email.com
Student197;S;student197;123;mail@email.com
Student198;S;student198;123;mail@email.com
Student199;S;student199;123;mail@email.com
Student200;S;student200;123;mail@email.com
Student201;S;student201;123;mail@email.com
Student202;S;student202;123;mail@email.com
Student203;S;student203;123;mail@email.com
Student204;S;student204;123;mail@email.com
Student205;S;student205;123;mail@email.com
Student206;S;student206;123;mail@email.com
Student207;S;student207;123;mail@email.com
Student208;S;student208;123;mail@email.com
Student209;S;student209;123;mail@email.com
Student210;S;student210;123;mail@email.com
Student211;S;student211;123;mail@email.com
Student212;S;student212;123;mail@email.com
Student213;S;student213;123;mail@email.com
Student214;S;student214;123;mail@email.com
Student215;S;student215;123;mail@email.com
Student216;S;student216;123;mail@email.com
Student217;S;student217;123;mail@email.com
Student218;S;student218;123;mail@email.com
Student219;S;student219;123;mail@email.com
Student220;S;student220;123;mail@email.com
Student221;S;student221;123;mail@email.com
Student222;S;student222;123;mail@email.com
Student223;S;student223;123;mail@email.com
Student224;S;student224;123;mail@email.com
Student225;S;student225;123;mail@email.com
Student226;S;student226;123;mail@email.com
Student227;S;student227;123;mail@email.com
Student228;S;student228;123;mail@email.com
Student229;S;student229;123;mail@email.com
Student230;S;student230;123;mail@email.com
Student231;S;student231;123;mail@email.com
Student232;S;student232;123;mail@email.com
Student233;S;student233;123;mail@email.com
Student234;S;student234;123;mail@email.com
Student235;S;student235;123;mail@email.com
Student236;S;student236;123;mail@email.com
Student237;S;student237;123;mail@email.com
Student238;S;student238;123;mail@email.com
Student239;S;student239;123;mail@email.com
Student240;S;student240;123;mail@email.com
Student241;S;student241;123;mail@email.com
Student242;S;student242;123;mail@email.com
Student243;S;student243;123;mail@email.com
Student244;S;student244;123;mail@email.com
Student245;S;student245;123;mail@email.com
Student246;S;student246;123;mail@email.com
Student247;S;student247;123;mail@email.com
Student248;S;student248;123;mail@email.com
Student249;S;student249;123;mail@email.com
Student250;S;student250;123;mail@email.com
Student251;S;student251;123;mail@email.com
Student252;S;student252;123;mail@email.com
Student253;S;student253;123;mail@email.com
Student254;S;student254;123;mail@email.com
Student255;S;student255;123;mail@email.com
Student256;S;student256;123;mail@email.com
Student257;S;student257;123;mail@email.com
Student258;S;student258;123;mail@email.com
Student259;S;student259;123;mail@email.com
Student260;S;student260;123;mail@email.com
Student261;S;student261;123;mail@email.com
Student262;S;student262;123;mail@email.com
Student263;S;student263;123;mail@email.com
Student264;S;student264;123;mail@email.com
Student265;S;student265;123;mail@email.com
Student266;S;student266;123;mail@email.com
Student267;S;student267;123;mail@email.com
Student268;S;student268;123;mail@email.com
Student269;S;student269;123;mail@email.com
Student270;S;student270;123;mail@email.com
Student271;S;student271;123;mail@email.com
Student272;S;student272;123;mail@email.com
Student273;S;student273;123;mail@email.com
Student274;S;student274;123;mail@email.com
Student275;S;student275;123;mail@email.com
Student276;S;student276;123;mail@email.com
Student277;S;student277;123;mail@email.com
Student278;S;student278;123;mail@email.com
Student279;S;student279;123;mail@email.com
Student280;S;student280;123;mail@email.com
Student281;S;student281;123;mail@email.com
Student282;S;student282;123;mail@email.com
Student283;S;student283;123;mail@email.com
Student284;S;student284;123;mail@email.com
Student285;S;student285;123;mail@email.com
Student286;S;student286;123;mail@email.com
Student287;S;student287;123;mail@email.com
Student288;S;student288;123;mail@email.com
Student289;S;student289;123;mail@email.com
Student290;S;student290;123;mail@email.com
Student291;S;student291;123;mail@email.com
Student292;S;student292;123;mail@email.com
Student293;S;student293;123;mail@email.com
Student294;S;student294;123;mail@email.com
Student295;S;student295;123;mail@email.com
Student296;S;student296;123;mail@email.com
Student297;S;student297;123;mail@email.com
Student298;S;student298;123;mail@email.com
Student299;S;student299;123;mail@email.com
Student300;S;student300;123;mail@email.com
Student301;S;student301;123;mail@email.com
Student302;S;student302;123;mail@email.com
Student303;S;student303;123;mail@email.com
Student304;S;student304;123;mail@email.com
Student305;S;student305;123;mail@email.com
Student306;S;student306;123;mail@email.com
Student307;S;student307;123;mail@email.com
Student308;S;student308;123;mail@email.com
Student309;S;student309;123;mail@email.com
Student310;S;student310;123;mail@email.com
Student311;S;student311;123;mail@email.com
Student312;S;student312;123;mail@email.com
Student313;S;student313;123;mail@email.com
Student314;S;student314;123;mail@email.com
Student315;S;student315;123;mail@email.com
Student316;S;student316;123;mail@email.com
Student317;S;student317;123;mail@email.com
Student318;S;student318;123;mail@email.com
Student319;S;student319;123;mail@email.com
Student320;S;student320;123;mail@email.com
Student321;S;student321;123;mail@email.com
Student322;S;student322;123;mail@email.com
Student323;S;student323;123;mail@email.com
Student324;S;student324;123;mail@email.com
Student325;S;student325;123;mail@email.com
Student326;S;student326;123;mail@email.com
Student327;S;student327;123;mail@email.com
Student328;S;student328;123;mail@email.com
Student329;S;student329;123;mail@email.com
Student330;S;student330;123;mail@email.com
Student331;S;student331;123;mail@email.com
Student332;S;student332;123;mail@email.com
Student333;S;student333;123;mail@email.com
Student334;S;student334;123;mail@email.com
Student335;S;student335;123;mail@email.com
Student336;S;student336;123;mail@email.com
Student337;S;student337;123;mail@email.com
Student338;S;student338;123;mail@email.com
Student339;S;student339;123;mail@email.com
Student340;S;student340;123;mail@email.com
Student341;S;student341;123;mail@email.com
Student342;S;student342;123;mail@email.com
Student343;S;student343;123;mail@email.com
Student344;S;student344;123;mail@email.com
Student345;S;student345;123;mail@email.com
Student346;S;student346;123;mail@email.com
Student347;S;student347;123;mail@email.com
Student348;S;student348;123;mail@email.com
Student349;S;student349;123;mail@email.com
Student350;S;student350;123;mail@email.com
Student351;S;student351;123;mail@email.com
Student352;S;student352;123;mail@email.com
Student353;S;student353;123;mail@email.com
Student354;S;student354;123;mail@email.com
Student355;S;student355;123;mail@email.com
Student356;S;student356;123;mail@email.com
Student357;S;student357;123;mail@email.com
Student358;S;student358;123;mail@email.com
Student359;S;student359;123;mail@email.com
Student360;S;student360;123;mail@email.com
Student361;S;student361;123;mail@email.com
Student362;S;student362;123;mail@email.com
Student363;S;student363;123;mail@email.com
Student364;S;student364;123;mail@email.com
Student365;S;student365;123;mail@email.com
Student366;S;student366;123;mail@email.com
Student367;S;student367;123;mail@email.com
Student368;S;student368;123;mail@email.com
Student369;S;student369;123;mail@email.com
Student370;S;student370;123;mail@email.com
Student371;S;student371;123;mail@email.com
Student372;S;student372;123;mail@email.com
Student373;S;student373;123;mail@email.com
Student374;S;student374;123;mail@email.com
Student375;S;student375;123;mail@email.com
Student376;S;student376;123;mail@email.com
Student377;S;student377;123;mail@email.com
Student378;S;student378;123;mail@email.com
Student379;S;student379;123;mail@email.com
Student380;S;student380;123;mail@email.com
Student381;S;student381;123;mail@email.com
Student382;S;student382;123;mail@email.com
Student383;S;student383;123;mail@email.com
Student384;S;student384;123;mail@email.com
Student385;S;student385;123;mail@email.com
Student386;S;student386;123;mail@email.com
Student387;S;student387;123;mail@email.com
Student388;S;student388;123;mail@email.com
Student389;S;student389;123;mail@email.com
Student390;S;student390;123;mail@email.com
Student391;S;student391;123;mail@email.com
Student392;S;student392;123;mail@email.com
Student393;S;student393;123;mail@email.com
Student394;S;student394;123;mail@email.com
Student395;S;student395;123;mail@email.com
Student396;S;student396;123;mail@email.com
Student397;S;student397;123;mail@email.com
Student398;S;student398;123;mail@email.com
Student399;S;student399;123;mail@email.com
Student400;S;student400;123;mail@email.com
Student401;S;student401;123;mail@email.com
Student402;S;student402;123;mail@email.com
Student403;S;student403;123;mail@email.com
Student404;S;student404;123;mail@email.com
Student405;S;student405;123;mail@email.com
Student406;S;student406;123;mail@email.com
Student407;S;student407;123;mail@email.com
Student408;S;student408;123;mail@email.com
Student409;S;student409;123;mail@email.com
Student410;S;student410;123;mail@email.com
Student411;S;student411;123;mail@email.com
Student412;S;student412;123;mail@email.com
Student413;S;student413;123;mail@email.com
Student414;S;student414;123;mail@email.com
Student415;S;student415;123;mail@email.com
Student416;S;student416;123;mail@email.com
Student417;S;student417;123;mail@email.com
Student418;S;student418;123;mail@email.com
Student419;S;student419;123;mail@email.com
Student420;S;student420;123;mail@email.com
Student421;S;student421;123;mail@email.com
Student422;S;student422;123;mail@email.com
Student423;S;student423;123;mail@email.com
Student424;S;student424;123;mail@email.com
Student425;S;student425;123;mail@email.com
Student426;S;student426;123;mail@email.com
Student427;S;student427;123;mail@email.com
Student428;S;student428;123;mail@email.com
Student429;S;student429;123;mail@email.com
Student430;S;student430;123;mail@email.com
Student431;S;student431;123;mail@email.com
Student432;S;student432;123;mail@email.com
Student433;S;student433;123;mail@email.com
Student434;S;student434;123;mail@email.com
Student435;S;student435;123;mail@email.com
Student436;S;student436;123;mail@email.com
Student437;S;student437;123;mail@email.com
Student438;S;student438;123;mail@email.com
Student439;S;student439;123;mail@email.com
Student440;S;student440;123;mail@email.com
Student441;S;student441;123;mail@email.com
Student442;S;student442;123;mail@email.com
Student443;S;student443;123;mail@email.com
Student444;S;student444;123;mail@email.com
Student445;S;student445;123;mail@email.com
Student446;S;student446;123;mail@email.com
Student447;S;student447;123;mail@email.com
Student448;S;student448;123;mail@email.com
Student449;S;student449;123;mail@email.com
Student450;S;student450;123;mail@email.com
Student451;S;student451;123;mail@email.com
Student452;S;student452;123;mail@email.com
Student453;S;student453;123;mail@email.com
Student454;S;student454;123;mail@email.com
Student455;S;student455;123;mail@email.com
Student456;S;student456;123;mail@email.com
Student457;S;student457;123;mail@email.com
Student458;S;student458;123;mail@email.com
Student459;S;student459;123;mail@email.com
Student460;S;student460;123;mail@email.com
Student461;S;student461;123;mail@email.com
Student462;S;student462;123;mail@email.com
Student463;S;student463;123;mail@email.com
Student464;S;student464;123;mail@email.com
Student465;S;student465;123;mail@email.com
Student466;S;student466;123;mail@email.com
Student467;S;student467;123;mail@email.com
Student468;S;student468;123;mail@email.com
Student469;S;student469;123;mail@email.com
Student470;S;student470;123;mail@email.com
Student471;S;student471;123;mail@email.com
Student472;S;student472;123;mail@email.com
Student473;S;student473;123;mail@email.com
Student474;S;student474;123;mail@email.com
Student475;S;student475;123;mail@email.com
Student476;S;student476;123;mail@email.com
Student477;S;student477;123;mail@email.com
Student478;S;student478;123;mail@email.com
Student479;S;student479;123;mail@email.com
Student480;S;student480;123;mail@email.com
Student481;S;student481;123;mail@email.com
Student482;S;student482;123;mail@email.com
Student483;S;student483;123;mail@email.com
Student484;S;student484;123;mail@email.com
Student485;S;student485;123;mail@email.com
Student486;S;student486;123;mail@email.com
Student487;S;student487;123;mail@email.com
Student488;S;student488;123;mail@email.com
Student489;S;student489;123;mail@email.com
Student490;S;student490;123;mail@email.com
Student491;S;student491;123;mail@email.com
Student492;S;student492;123;mail@email.com
Student493;S;student493;123;mail@email.com
Student494;S;student494;123;mail@email.com
Student495;S;student495;123;mail@email.com
Student496;S;student496;123;mail@email.com
Student497;S;student497;123;mail@email.com
Student498;S;student498;123;mail@email.com
Student499;S;student499;123;mail@email.com
Student500;S;student500;123;mail@email.com
Student501;S;student501;123;mail@email.com
Student502;S;student502;123;mail@email.com
Student503;S;student503;123;mail@email.com
Student504;S;student504;123;mail@email.com
Student505;S;student505;123;mail@email.com
Student506;S;student506;123;mail@email.com
Student507;S;student507;123;mail@email.com
Student508;S;student508;123;mail@email.com
Student509;S;student509;123;mail@email.com
Student510;S;student510;123;mail@email.com
Student511;S;student511;123;mail@email.com
Student512;S;student512;123;mail@email.com
Student513;S;student513;123;mail@email.com
Student514;S;student514;123;mail@email.com
Student515;S;student515;123;mail@email.com
Student516;S;student516;123;mail@email.com
Student517;S;student517;123;mail@email.com
Student518;S;student518;123;mail@email.com
Student519;S;student519;123;mail@email.com
Student520;S;student520;123;mail@email.com
Student521;S;student521;123;mail@email.com
Student522;S;student522;123;mail@email.com
Student523;S;student523;123;mail@email.com
Student524;S;student524;123;mail@email.com
Student525;S;student525;123;mail@email.com
Student526;S;student526;123;mail@email.com
Student527;S;student527;123;mail@email.com
Student528;S;student528;123;mail@email.com
Student529;S;student529;123;mail@email.com
Student530;S;student530;123;mail@email.com
Student531;S;student531;123;mail@email.com
Student532;S;student532;123;mail@email.com
Student533;S;student533;123;mail@email.com
Student534;S;student534;123;mail@email.com
Student535;S;student535;123;mail@email.com
Student536;S;student536;123;mail@email.com
Student537;S;student537;123;mail@email.com
Student538;S;student538;123;mail@email.com
Student539;S;student539;123;mail@email.com
Student540;S;student540;123;mail@email.com
Student541;S;student541;123;mail@email.com
Student542;S;student542;123;mail@email.com
Student543;S;student543;123;mail@email.com
Student544;S;student544;123;mail@email.com
Student545;S;student545;123;mail@email.com
Student546;S;student546;123;mail@email.com
Student547;S;student547;123;mail@email.com
Student548;S;student548;123;mail@email.com
Student549;S;student549;123;mail@email.com
Student550;S;student550;123;mail@email.com
Student551;S;student551;123;mail@email.com
Student552;S;student552;123;mail@email.com
Student553;S;student553;123;mail@email.com
Student554;S;student554;123;mail@email.com
Student555;S;student555;123;mail@email.com
Student556;S;student556;123;mail@email.com
Student557;S;student557;123;mail@email.com
Student558;S;student558;123;mail@email.com
Student559;S;student559;123;mail@email.com
Student560;S;student560;123;mail@email.com
Student561;S;student561;123;mail@email.com
Student562;S;student562;123;mail@email.com
Student563;S;student563;123;mail@email.com
Student564;S;student564;123;mail@email.com
Student565;S;student565;123;mail@email.com
Student566;S;student566;123;mail@email.com
Student567;S;student567;123;mail@email.com
Student568;S;student568;123;mail@email.com
Student569;S;student569;123;mail@email.com
Student570;S;student570;123;mail@email.com
Student571;S;student571;123;mail@email.com
Student572;S;student572;123;mail@email.com
Student573;S;student573;123;mail@email.com
Student574;S;student574;123;mail@email.com
Student575;S;student575;123;mail@email.com
Student576;S;student576;123;mail@email.com
Student577;S;student577;123;mail@email.com
Student578;S;student578;123;mail@email.com
Student579;S;student579;123;mail@email.com
Student580;S;student580;123;mail@email.com
Student581;S;student581;123;mail@email.com
Student582;S;student582;123;mail@email.com
Student583;S;student583;123;mail@email.com
Student584;S;student584;123;mail@email.com
Student585;S;student585;123;mail@email.com
Student586;S;student586;123;mail@email.com
Student587;S;student587;123;mail@email.com
Student588;S;student588;123;mail@email.com
Student589;S;student589;123;mail@email.com
Student590;S;student590;123;mail@email.com
Student591;S;student591;123;mail@email.com
Student592;S;student592;123;mail@email.com
Student593;S;student593;123;mail@email.com
Student594;S;student594;123;mail@email.com
Student595;S;student595;123;mail@email.com
Student596;S;student596;123;mail@email.com
Student597;S;student597;123;mail@email.com
Student598;S;student598;123;mail@email.com
Student599;S;student599;123;mail@email.com
Student600;S;student600;123;mail@email.com
Student601;S;student601;123;mail@email.com
Student602;S;student602;123;mail@email.com
Student603;S;student603;123;mail@email.com
Student604;S;student604;123;mail@email.com
Student605;S;student605;123;mail@email.com
Student606;S;student606;123;mail@email.com
Student607;S;student607;123;mail@email.com
Student608;S;student608;123;mail@email.com
Student609;S;student609;123;mail@email.com
Student610;S;student610;123;mail@email.com
Student611;S;student611;123;mail@email.com
Student612;S;student612;123;mail@email.com
Student613;S;student613;123;mail@email.com
Student614;S;student614;123;mail@email.com
Student615;S;student615;123;mail@email.com
Student616;S;student616;123;mail@email.com
Student617;S;student617;123;mail@email.com
Student618;S;student618;123;mail@email.com
Student619;S;student619;123;mail@email.com
Student620;S;student620;123;mail@email.com
Student621;S;student621;123;mail@email.com
Student622;S;student622;123;mail@email.com
Student623;S;student623;123;mail@email.com
Student624;S;student624;123;mail@email.com
Student625;S;student625;123;mail@email.com
Student626;S;student626;123;mail@email.com
Student627;S;student627;123;mail@email.com
Student628;S;student628;123;mail@email.com
Student629;S;student629;123;mail@email.com
Student630;S;student630;123;mail@email.com
Student631;S;student631;123;mail@email.com
Student632;S;student632;123;mail@email.com
Student633;S;student633;123;mail@email.com
Student634;S;student634;123;mail@email.com
Student635;S;student635;123;mail@email.com
Student636;S;student636;123;mail@email.com
Student637;S;student637;123;mail@email.com
Student638;S;student638;123;mail@email.com
Student639;S;student639;123;mail@email.com
Student640;S;student640;123;mail@email.com
Student641;S;student641;123;mail@email.com
Student642;S;student642;123;mail@email.com
Student643;S;student643;123;mail@email.com
Student644;S;student644;123;mail@email.com
Student645;S;student645;123;mail@email.com
Student646;S;student646;123;mail@email.com
Student647;S;student647;123;mail@email.com
Student648;S;student648;123;mail@email.com
Student649;S;student649;123;mail@email.com
Student650;S;student650;123;mail@email.com
Student651;S;student651;123;mail@email.com
Student652;S;student652;123;mail@email.com
Student653;S;student653;123;mail@email.com
Student654;S;student654;123;mail@email.com
Student655;S;student655;123;mail@email.com
Student656;S;student656;123;mail@email.com
Student657;S;student657;123;mail@email.com
Student658;S;student658;123;mail@email.com
Student659;S;student659;123;mail@email.com
Student660;S;student660;123;mail@email.com
Student661;S;student661;123;mail@email.com
Student662;S;student662;123;mail@email.com
Student663;S;student663;123;mail@email.com
Student664;S;student664;123;mail@email.com
Student665;S;student665;123;mail@email.com
Student666;S;student666;123;mail@email.com
Student667;S;student667;123;mail@email.com
Student668;S;student668;123;mail@email.com
Student669;S;student669;123;mail@email.com
Student670;S;student670;123;mail@email.com
Student671;S;student671;123;mail@email.com
Student672;S;student672;123;mail@email.com
Student673;S;student673;123;mail@email.com
Student674;S;student674;123;mail@email.com
Student675;S;student675;123;mail@email.com
Student676;S;student676;123;mail@email.com
Student677;S;student677;123;mail@email.com
Student678;S;student678;123;mail@email.com
Student679;S;student679;123;mail@email.com
Student680;S;student680;123;mail@email.com
Student681;S;student681;123;mail@email.com
Student682;S;student682;123;mail@email.com
Student683;S;student683;123;mail@email.com
Student684;S;student684;123;mail@email.com
Student685;S;student685;123;mail@email.com
Student686;S;student686;123;mail@email.com
Student687;S;student687;123;mail@email.com
Student688;S;student688;123;mail@email.com
Student689;S;student689;123;mail@email.com
Student690;S;student690;123;mail@email.com
Student691;S;student691;123;mail@email.com
Student692;S;student692;123;mail@email.com
Student693;S;student693;123;mail@email.com
Student694;S;student694;123;mail@email.com
Student695;S;student695;123;mail@email.com
Student696;S;student696;123;mail@email.com
Student697;S;student697;123;mail@email.com
Student698;S;student698;123;mail@email.com
Student699;S;student699;123;mail@email.com
Student700;S;student700;123;mail@email.com
Student701;S;student701;123;mail@email.com
Student702;S;student702;123;mail@email.com
Student703;S;student703;123;mail@email.com
Student704;S;student704;123;mail@email.com
Student705;S;student705;123;mail@email.com
Student706;S;student706;123;mail@email.com
Student707;S;student707;123;mail@email.com
Student708;S;student708;123;mail@email.com
Student709;S;student709;123;mail@email.com
Student710;S;student710;123;mail@email.com
Student711;S;student711;123;mail@email.com
Student712;S;student712;123;mail@email.com
Student713;S;student713;123;mail@email.com
Student714;S;student714;123;mail@email.com
Student715;S;student715;123;mail@email.com
Student716;S;student716;123;mail@email.com
Student717;S;student717;123;mail@email.com
Student718;S;student718;123;mail@email.com
Student719;S;student719;123;mail@email.com
Student720;S;student720;123;mail@email.com
Student721;S;student721;123;mail@email.com
Student722;S;student722;123;mail@email.com
Student723;S;student723;123;mail@email.com
Student724;S;student724;123;mail@email.com
Student725;S;student725;123;mail@email.com
Student726;S;student726;123;mail@email.com
Student727;S;student727;123;mail@email.com
Student728;S;student728;123;mail@email.com
Student729;S;student729;123;mail@email.com
Student730;S;student730;123;mail@email.com
Student731;S;student731;123;mail@email.com
Student732;S;student732;123;mail@email.com
Student733;S;student733;123;mail@email.com
Student734;S;student734;123;mail@email.com
Student735;S;student735;123;mail@email.com
Student736;S;student736;123;mail@email.com
Student737;S;student737;123;mail@email.com
Student738;S;student738;123;mail@email.com
Student739;S;student739;123;mail@email.com
Student740;S;student740;123;mail@email.com
Student741;S;student741;123;mail@email.com
Student742;S;student742;123;mail@email.com
Student743;S;student743;123;mail@email.com
Student744;S;student744;123;mail@email.com
Student745;S;student745;123;mail@email.com
Student746;S;student746;123;mail@email.com
Student747;S;student747;123;mail@email.com
Student748;S;student748;123;mail@email.com
Student749;S;student749;123;mail@email.com
Student750;S;student750;123;mail@email.com
Student751;S;student751;123;mail@email.com
Student752;S;student752;123;mail@email.com
Student753;S;student753;123;mail@email.com
Student754;S;student754;123;mail@email.com
Student755;S;student755;123;mail@email.com
Student756;S;student756;123;mail@email.com
Student757;S;student757;123;mail@email.com
Student758;S;student758;123;mail@email.com
Student759;S;student759;123;mail@email.com
Student760;S;student760;123;mail@email.com
Student761;S;student761;123;mail@email.com
Student762;S;student762;123;mail@email.com
Student763;S;student763;123;mail@email.com
Student764;S;student764;123;mail@email.com
Student765;S;student765;123;mail@email.com
Student766;S;student766;123;mail@email.com
Student767;S;student767;123;mail@email.com
Student768;S;student768;123;mail@email.com
Student769;S;student769;123;mail@email.com
Student770;S;student770;123;mail@email.com
Student771;S;student771;123;mail@email.com
Student772;S;student772;123;mail@email.com
Student773;S;student773;123;mail@email.com
Student774;S;student774;123;mail@email.com
Student775;S;student775;123;mail@email.com
Student776;S;student776;123;mail@email.com
Student777;S;student777;123;mail@email.com
Student778;S;student778;123;mail@email.com
Student779;S;student779;123;mail@email.com
Student780;S;student780;123;mail@email.com
Student781;S;student781;123;mail@email.com
Student782;S;student782;123;mail@email.com
Student783;S;student783;123;mail@email.com
Student784;S;student784;123;mail@email.com
Student785;S;student785;123;mail@email.com
Student786;S;student786;123;mail@email.com
Student787;S;student787;123;mail@email.com
Student788;S;student788;123;mail@email.com
Student789;S;student789;123;mail@email.com
Student790;S;student790;123;mail@email.com
Student791;S;student791;123;mail@email.com
Student792;S;student792;123;mail@email.com
Student793;S;student793;123;mail@email.com
Student794;S;student794;123;mail@email.com
Student795;S;student795;123;mail@email.com
Student796;S;student796;123;mail@email.com
Student797;S;student797;123;mail@email.com
Student798;S;student798;123;mail@email.com
Student799;S;student799;123;mail@email.com
Student800;S;student800;123;mail@email.com
Student801;S;student801;123;mail@email.com
Student802;S;student802;123;mail@email.com
Student803;S;student803;123;mail@email.com
Student804;S;student804;123;mail@email.com
Student805;S;student805;123;mail@email.com
Student806;S;student806;123;mail@email.com
Student807;S;student807;123;mail@email.com
Student808;S;student808;123;mail@email.com
Student809;S;student809;123;mail@email.com
Student810;S;student810;123;mail@email.com
Student811;S;student811;123;mail@email.com
Student812;S;student812;123;mail@email.com
Student813;S;student813;123;mail@email.com
Student814;S;student814;123;mail@email.com
Student815;S;student815;123;mail@email.com
Student816;S;student816;123;mail@email.com
Student817;S;student817;123;mail@email.com
Student818;S;student818;123;mail@email.com
Student819;S;student819;123;mail@email.com
Student820;S;student820;123;mail@email.com
Student821;S;student821;123;mail@email.com
Student822;S;student822;123;mail@email.com
Student823;S;student823;123;mail@email.com
Student824;S;student824;123;mail@email.com
Student825;S;student825;123;mail@email.com
Student826;S;student826;123;mail@email.com
Student827;S;student827;123;mail@email.com
Student828;S;student828;123;mail@email.com
Student829;S;student829;123;mail@email.com
Student830;S;student830;123;mail@email.com
Student831;S;student831;123;mail@email.com
Student832;S;student832;123;mail@email.com
Student833;S;student833;123;mail@email.com
Student834;S;student834;123;mail@email.com
Student835;S;student835;123;mail@email.com
Student836;S;student836;123;mail@email.com
Student837;S;student837;123;mail@email.com
Student838;S;student838;123;mail@email.com
Student839;S;student839;123;mail@email.com
Student840;S;student840;123;mail@email.com
Student841;S;student841;123;mail@email.com
Student842;S;student842;123;mail@email.com
Student843;S;student843;123;mail@email.com
Student844;S;student844;123;mail@email.com
Student845;S;student845;123;mail@email.com
Student846;S;student846;123;mail@email.com
Student847;S;student847;123;mail@email.com
Student848;S;student848;123;mail@email.com
Student849;S;student849;123;mail@email.com
Student850;S;student850;123;mail@email.com
Student851;S;student851;123;mail@email.com
Student852;S;student852;123;mail@email.com
Student853;S;student853;123;mail@email.com
Student854;S;student854;123;mail@email.com
Student855;S;student855;123;mail@email.com
Student856;S;student856;123;mail@email.com
Student857;S;student857;123;mail@email.com
Student858;S;student858;123;mail@email.com
Student859;S;student859;123;mail@email.com
Student860;S;student860;123;mail@email.com
Student861;S;student861;123;mail@email.com
Student862;S;student862;123;mail@email.com
Student863;S;student863;123;mail@email.com
Student864;S;student864;123;mail@email.com
Student865;S;student865;123;mail@email.com
Student866;S;student866;123;mail@email.com
Student867;S;student867;123;mail@email.com
Student868;S;student868;123;mail@email.com
Student869;S;student869;123;mail@email.com
Student870;S;student870;123;mail@email.com
Student871;S;student871;123;mail@email.com
Student872;S;student872;123;mail@email.com
Student873;S;student873;123;mail@email.com
Student874;S;student874;123;mail@email.com
Student875;S;student875;123;mail@email.com
Student876;S;student876;123;mail@email.com
Student877;S;student877;123;mail@email.com
Student878;S;student878;123;mail@email.com
Student879;S;student879;123;mail@email.com
Student880;S;student880;123;mail@email.com
Student881;S;student881;123;mail@email.com
Student882;S;student882;123;mail@email.com
Student883;S;student883;123;mail@email.com
Student884;S;student884;123;mail@email.com
Student885;S;student885;123;mail@email.com
Student886;S;student886;123;mail@email.com
Student887;S;student887;123;mail@email.com
Student888;S;student888;123;mail@email.com
Student889;S;student889;123;mail@email.com
Student890;S;student890;123;mail@email.com
Student891;S;student891;123;mail@email.com
Student892;S;student892;123;mail@email.com
Student893;S;student893;123;mail@email.com
Student894;S;student894;123;mail@email.com
Student895;S;student895;123;mail@email.com
Student896;S;student896;123;mail@email.com
Student897;S;student897;123;mail@email.com
Student898;S;student898;123;mail@email.com
Student899;S;student899;123;mail@email.com
Student900;S;student900;123;mail@email.com
Student901;S;student901;123;mail@email.com
Student902;S;student902;123;mail@email.com
Student903;S;student903;123;mail@email.com
Student904;S;student904;123;mail@email.com
Student905;S;student905;123;mail@email.com
Student906;S;student906;123;mail@email.com
Student907;S;student907;123;mail@email.com
Student908;S;student908;123;mail@email.com
Student909;S;student909;123;mail@email.com
Student910;S;student910;123;mail@email.com
Student911;S;student911;123;mail@email.com
Student912;S;student912;123;mail@email.com
Student913;S;student913;123;mail@email.com
Student914;S;student914;123;mail@email.com
Student915;S;student915;123;mail@email.com
Student916;S;student916;123;mail@email.com
Student917;S;student917;123;mail@email.com
Student918;S;student918;123;mail@email.com
Student919;S;student919;123;mail@email.com
Student920;S;student920;123;mail@email.com
Student921;S;student921;123;mail@email.com
Student922;S;student922;123;mail@email.com
Student923;S;student923;123;mail@email.com
Student924;S;student924;123;mail@email.com
Student925;S;student925;123;mail@email.com
Student926;S;student926;123;mail@email.com
Student927;S;student927;123;mail@email.com
Student928;S;student928;123;mail@email.com
Student929;S;student929;123;mail@email.com
Student930;S;student930;123;mail@email.com
Student931;S;student931;123;mail@email.com
Student932;S;student932;123;mail@email.com
Student933;S;student933;123;mail@email.com
Student934;S;student934;123;mail@email.com
Student935;S;student935;123;mail@email.com
Student936;S;student936;123;mail@email.com
Student937;S;student937;123;mail@email.com
Student938;S;student938;123;mail@email.com
Student939;S;student939;123;mail@email.com
Student940;S;student940;123;mail@email.com
Student941;S;student941;123;mail@email.com
Student942;S;student942;123;mail@email.com
Student943;S;student943;123;mail@email.com
Student944;S;student944;123;mail@email.com
Student945;S;student945;123;mail@email.com
Student946;S;student946;123;mail@email.com
Student947;S;student947;123;mail@email.com
Student948;S;student948;123;mail@email.com
Student949;S;student949;123;mail@email.com
Student950;S;student950;123;mail@email.com
Student951;S;student951;123;mail@email.com
Student952;S;student952;123;mail@email.com
Student953;S;student953;123;mail@email.com
Student954;S;student954;123;mail@email.com
Student955;S;student955;123;mail@email.com
Student956;S;student956;123;mail@email.com
Student957;S;student957;123;mail@email.com
Student958;S;student958;123;mail@email.com
Student959;S;student959;123;mail@email.com
Student960;S;student960;123;mail@email.com
Student961;S;student961;123;mail@email.com
Student962;S;student962;123;mail@email.com
Student963;S;student963;123;mail@email.com
Student964;S;student964;123;mail@email.com
Student965;S;student965;123;mail@email.com
Student966;S;student966;123;mail@email.com
Student967;S;student967;123;mail@email.com
Student968;S;student968;123;mail@email.com
Student969;S;student969;123;mail@email.com
Student970;S;student970;123;mail@email.com
Student971;S;student971;123;mail@email.com
Student972;S;student972;123;mail@email.com
Student973;S;student973;123;mail@email.com
Student974;S;student974;123;mail@email.com
Student975;S;student975;123;mail@email.com
Student976;S;student976;123;mail@email.com
Student977;S;student977;123;mail@email.com
Student978;S;student978;123;mail@email.com
Student979;S;student979;123;mail@email.com
Student980;S;student980;123;mail@email.com
Student981;S;student981;123;mail@email.com
Student982;S;student982;123;mail@email.com
Student983;S;student983;123;mail@email.com
Student984;S;student984;123;mail@email.com
Student985;S;student985;123;mail@email.com
Student986;S;student986;123;mail@email.com
Student987;S;student987;123;mail@email.com
Student988;S;student988;123;mail@email.com
Student989;S;student989;123;mail@email.com
Student990;S;student990;123;mail@email.com
Student991;S;student991;123;mail@email.com
Student992;S;student992;123;mail@email.com
Student993;S;student993;123;mail@email.com
Student994;S;student994;123;mail@email.com
Student995;S;student995;123;mail@email.com
Student996;S;student996;123;mail@email.com
Student997;S;student997;123;mail@email.com
Student998;S;student998;123;mail@email.com
Student999;S;student999;123;mail@email.com
Student1000;S;student1000;123;mail@email.com
